"timestamp","happy1","ID","tutorial","travel","direction","born","sports","aware","morning_drink","breakfast","sleep","siblings","siblings_number","pets","beer","coffee","Pineapple_Pizza","Pinky","OS","hand","energy","shoes","phone","Apartment_Size","rooms","apps","countries","CB","Food_Money","season","Drink_Coffee","height","bother","happy2","tutorial_batch","time","major","morning_drink2"
2025-04-08 12:31:40.052,6,"reinh16","Tutorial 1 (C12.107)",20,"SW",400,1,"awake","water","yes",9,"no",0,3,2,2,"do_not_mind",7,"Microsoft",22,8,7,17.5,80,3,54,15,"yes",160,"Summer","milk",185,7,8,2025,12.15,"UWI","water"
2025-04-08 12:31:54.269,8,"milter71","Tutorial 1 (C12.107)",2,"S",280,3,"energized","hot_chocolate","no",6,"yes",2,4,2,2,"do_not_mind",7,"Microsoft",18,8,6,16,120,4,140,35,"No",170,"Spring","milk",174,4,6,2025,12.15,"UWI","other"
2025-04-08 12:32:13.23,7,"krueg31","Tutorial 1 (C12.107)",2,"SW",168,3,"tired","coffee","yes",7,"yes",1,5,3,4,"Yes",5,"Apple",16,5,7,12,70,4,30,10,"yes",150,"Fall","milk",180,8,7,2025,12.15,"UWI","coffee"
2025-04-08 12:32:16.819,7,"gotts27","Tutorial 1 (C12.107)",80,"NW",85,5,"awake","tea","yes",7,"yes",1,0,2,2,"Yes",8,"Apple",14,6,6,12,50,1,50,25,"No",200,"Summer","milk",180,6,7,2025,12.15,"UWI","tea"
2025-04-08 12:32:21.317,5,"brued19","Tutorial 3 (C14.201)",2,"N",50,3,"awake","coffe","yes",9,"yes",1,0,5,3,"No",7,"Apple",22,5,5,14,70,3,4,12,"No",230,"Summer","milk",187,5,5,2025,12.15,"UWI","coffee"
2025-04-08 12:32:24.95,6,"masur17","Tutorial 1 (C12.107)",2.4,"NW",93,3,"awake","water","no",8,"yes",2,2,1,1,"No",7,"Microsoft",16,7,6,18,32,0,45,7,"No",150,"Fall","Other",162,2,6,2025,12.15,"UWI","water"
2025-04-08 12:33:38.123,5,"hüffe2","Tutorial 1 (C12.107)",3,"NE",250,8,"tired","water","yes",7,"yes",1,5,2,2,"do_not_mind",6.2,"Apple",20.5,6,25,15,33.3,0,72,9,"yes",75,"Spring","Other",158,8,7,2025,12.15,"UWI","water"
2025-04-08 12:33:45.958,9,"kasta24","Tutorial 3 (C14.201)",0.3,"NE",60,8,"energized","kong_strong","yes",8,"yes",1,0,2,2,"No",7.5,"Both",22,5,6,7.5,36,0,209,15,"yes",200,"Summer","milk",187,3,9,2025,12.15,"UWI","other"
2025-04-08 12:33:51.615,7,"mispe6","Tutorial 1 (C12.107)",69,"NW",123,0,"awake","match_latte","yes",7,"yes",2,0,3,5,"do_not_mind",6.6,"Apple",23,7,75,13.8,98,3,55,28,"yes",600,"Spring","sugar_milk",168,10,9,2025,12.15,"UWI","coffee"
2025-04-08 12:34:17.224,6,"kiese20","Tutorial 3 (C14.201)",2,"N",175,1,"awake","water","yes",8,"yes",1,53,1,2,"do_not_mind",6.7,"Microsoft",21,6,3,15,80,4,20,22,"yes",100,"Summer","sugar_milk",170,8,7,2025,12.15,"UWI","water"
2025-04-08 12:34:17.983,7,"amwei11","Tutorial 1 (C12.107)",1,"NE",750,4,"awake","water","yes",8,"yes",7,2,1,1,"do_not_mind",6,"Microsoft",19,9,7,17,16,5,90,2,"yes",190,"Spring","Other",164,6,8,2025,12.15,"UWI","water"
2025-04-08 12:34:30.215,6,"amfuc","Tutorial 1 (C12.107)",2,"NW",140,5,"awake","tea","yes",8,"yes",2,8,2,2,"do_not_mind",6.5,"Microsoft",15.5,4,6,16,13,2,40,10,"yes",180,"Spring","milk",176,4,6,2025,12.15,"UWI","tea"
2025-04-08 12:34:36.513,7,"altep","Tutorial 3 (C14.201)",2.3,"SE",47,2,"tired","coffee","yes",7,"yes",1,1,1,2,"do_not_mind",5.2,"Apple",17,4,7,12,35,0,73,9,"yes",200,"Fall","milk",162,8,7,2025,12.15,"UWI","coffee"
2025-04-08 12:34:42.716,7,"gathe7e","Tutorial 1 (C12.107)",0.4,"NW",402,3,"awake","coffee","yes",8,"yes",1,4,2,2,"do_not_mind",2.1,"Apple",21,6,6,15.49,75,2,166,13,"yes",200,"Spring","milk",185,6,7,2025,12.15,"UWI","coffee"
2025-04-08 12:34:56.689,7,"adeba25","Tutorial 1 (C12.107)",11,"NW",77,2,"awake","water","yes",7,"no",0,0,2,2,"No",6,"Microsoft",12,4,9,15,100,1,169,16,"yes",150,"Spring","Other",169,8,3,2025,12.15,"UWI","water"
2025-04-08 12:35:18.73,6,"kreie1","Tutorial 1 (C12.107)",45,"NE",51,1,"tired","water","yes",9,"yes",1,7,1,1,"No",5.8,"Microsoft",19,5,7,17,150,3,78,7,"yes",250,"Summer","Other",167,5,6,2025,12.15,"UWI","water"
2025-04-08 12:35:34.611,7,"stein15","Tutorial 1 (C12.107)",1.2,"N",300,4,"awake","tea","yes",7,"yes",1,5,4,5,"Yes",6,"Microsoft",20,5,5,13,99,3,65,17,"No",220,"Summer","milk",171,8,6,2025,12.15,"UWI","tea"
2025-04-08 12:35:45.647,9,"frapa28","Tutorial 1 (C12.107)",2,"N",50,4,"awake","water","yes",9,"yes",1,0,2,2,"do_not_mind",6.5,"Apple",20,7,5,15.5,55,2,187,15,"yes",190,"Summer","milk",184,5,9,2025,12.15,"UWI","water"
2025-04-08 12:35:52.183,7,"görli42","Tutorial 1 (C12.107)",2.5,"SW",430,1,"awake","tea","yes",7,"yes",1,0,4,3,"No",6,"Microsoft",15,7,5,15,51,3,25,26,"yes",280,"Spring","sugar_milk",170,5,7,2025,12.15,"UWI","tea"
2025-04-08 12:35:52.764,6,"wyndh12","Tutorial 3 (C14.201)",2,"NW",48,5,"awake","coffee","no",9,"yes",1,2,4,3,"do_not_mind",8,"Apple",23,4,3,15,42,0,20,35,"yes",370,"Summer","milk",188,5,5,2025,12.15,"UWI","coffee"
2025-04-08 12:36:02.791,5,"blank41","Tutorial 3 (C14.201)",7,"NE",485,1,"awake","water","no",7,"yes",1,15,3,4,"No",6.5,"Microsoft",19.5,6,5,16,90,2,196,10,"yes",40,"Summer","sugar_milk",174,7,5,2025,12.15,"UWI","water"
2025-04-08 12:36:03.384,3,"suchl14","Tutorial 1 (C12.107)",3.1,"N",285,2,"awake","tea","yes",8,"yes",1,0,3,2,"do_not_mind",6,"Microsoft",20,6,10,13,61,0,55,11,"No",190,"Summer","sugar_milk",173,8,5,2025,12.15,"UWI","tea"
2025-04-08 12:36:04.335,8,"paul-g37","Tutorial 3 (C14.201)",0.5,"N",393,2,"awake","tea","yes",8,"yes",1,3,2,2,"do_not_mind",5.5,"Microsoft",17.5,6,4,16,57,1,144,10,"yes",200,"Spring","Other",169,8,8,2025,12.15,"UWI","tea"
2025-04-08 12:36:12.936,7,"haupt30","Tutorial 1 (C12.107)",2,"N",650,4,"awake","green_tea","yes",9,"yes",3,10,4,4,"do_not_mind",6,"Microsoft",19.6,8,8,7.3,12,4,174,12,"No",350,"Spring","milk",176,6,7,2025,12.15,"UWI","tea"
2025-04-08 12:36:46.466,6,"seged1","Tutorial 1 (C12.107)",2,"E",1828,3,"awake","orange_juice","no",7,"yes",1,3,4,4,"No",6,"Microsoft",19.5,7,4,17,40,2,40,18,"yes",70,"Fall","milk",167,6,7,2025,12.15,"UWI","other"
2025-04-08 12:36:51.98,6,"there12","Tutorial 1 (C12.107)",1,"S",300,1,"tired","coffee","yes",8,"no",0,1,3,4,"No",6,"Microsoft",21,7,2,14,70,4,96,22,"No",200,"Summer","milk",168,7,6,2025,12.15,"UWI","coffee"
2025-04-08 12:37:01.009,8,"duven10","Tutorial 3 (C14.201)",2,"NW",50,2,"awake","tea_or_water","yes",7,"yes",1,1,2,2,"do_not_mind",6,"Microsoft",15,8,6,10,50,1,40,15,"yes",200,"Fall","milk",177,3,6,2025,12.15,"UWI","tea"
2025-04-08 12:37:05.849,7,"zumwi","Tutorial 1 (C12.107)",6,"NE",122,8,"awake","coffee","yes",6,"yes",1,0,3,1,"No",6,"Microsoft",20,8,5,17,16,4,282,25,"yes",200,"Summer","milk",186,9,9,2025,12.15,"UWI","coffee"
2025-04-08 12:37:19.025,4,"bruck39","Tutorial 3 (C14.201)",3.5,"SW",55,1,"drowsy","tea","yes",7,"yes",1,1,5,5,"No",7,"Microsoft",14,6,6,16,140,4,18,22,"No",200,"Summer","Other",180,4,4,2025,12.15,"UWI","tea"
2025-04-08 12:37:20.719,6,"b1","Tutorial 1 (C12.107)",2,"SE",50,4,"awake","water","yes",8,"no",0,0,3,3,"do_not_mind",5,"Microsoft",19,7,8,16.5,120,3,203,21,"yes",150,"Spring","milk",169,6,6,2025,12.15,"UWI","water"
2025-04-08 12:37:21.4,7,"annef12","Tutorial 1 (C12.107)",3.7,"N",69,3.5,"awake","water","yes",8,"no",0,4,3,3,"do_not_mind",6.3,"Apple",19,7,18,13,27,0,52,5,"No",60,"Summer","milk",173,6,7,2025,12.15,"UWI","water"
2025-04-08 12:37:48.039,6,"sachs10","Tutorial 3 (C14.201)",1.7,"E",200,2,"tired","smoothie","yes",8,"yes",1,1,1,1,"Yes",6.7,"Apple",20,3,6,15,45,1,24,15,"No",200,"Winter","milk",174,7,5,2025,12.15,"UWI","other"
2025-04-08 12:37:59.205,1,"lohee24","Tutorial 3 (C14.201)",27,"NE",60,5,"awake","water","yes",6,"yes",2,8,3,4,"do_not_mind",6,"Microsoft",19,5,4,16,15,1,46,8,"yes",400,"Summer","milk",167,4,2,2025,12.15,"UWI","water"
2025-04-08 12:37:59.931,4,"sauer54","Tutorial 3 (C14.201)",2.1,"W",57,1.5,"tired","energie","no",6,"yes",1,11,1,1,"do_not_mind",5.9,"Microsoft",14.4,3,14,16.9,130,1,87,3,"No",190,"Winter","sugar_milk",165,9,3,2025,12.15,"UWI","other"
2025-04-08 12:38:01.867,6,"oster17","Tutorial 1 (C12.107)",2.1,"NW",68,3,"awake","coffee","yes",9,"yes",1,6,2,2,"Yes",5,"Microsoft",15,5,3,14,42,1,19,9,"yes",200,"Spring","sugar_milk",172,8,6,2025,12.15,"UWI","coffee"
2025-04-08 12:38:10.321,5,"wulfs113","Tutorial 1 (C12.107)",2,"NW",573,6,"awake","water","yes",9,"yes",2,3,2,2,"No",7,"Apple",20,5,3,16,25,1,40,14,"yes",200,"Summer","Other",184,6,5,2025,12.15,"UWI","water"
2025-04-08 12:38:24.05,9,"torna22","Tutorial 3 (C14.201)",0.3,"SW",144,2,"awake","coffee","yes",9,"yes",1,2,2,3,"Yes",6,"Microsoft",18.3,6,6,15,80,3,47,13,"yes",250,"Spring","milk",169,7,8,2025,12.15,"UWI","coffee"
2025-04-08 12:38:29.276,6,"marms1","Tutorial 3 (C14.201)",40,"NW",50,6,"awake","tee","yes",8,"yes",1,2,2,1,"Yes",7,"Microsoft",20,7,2,16,15010,3,100,12,"yes",190,"Spring","Other",186,1,7,2025,12.15,"UWI","tea"
2025-04-08 12:38:39.8,7,"mozar39","Tutorial 1 (C12.107)",3.1,"N",884,1,"awake","matcha","yes",8,"yes",2,5,2,3,"do_not_mind",5,"Microsoft",20,6,4,16,55,2,55,7,"yes",250,"Spring","sugar_milk",178,4,7,2025,12.15,"UWI","tea"
2025-04-08 12:38:47.295,7,"bonho3","Tutorial 1 (C12.107)",1,"S",408,5,"awake","coffee","yes",8,"yes",1,2,1,2,"do_not_mind",6,"Both",20,7,10,15,18,0,73,7,"yes",240,"Spring","milk",175,7,9,2025,12.15,"UWI","coffee"
2025-04-08 12:38:47.835,7,"merge1","Tutorial 3 (C14.201)",40,"SE",39,4,"tired","juice","yes",6,"no",0,10,3,3,"Yes",6,"Both",20,6,6,16,54,0,20,15,"yes",150,"Summer","milk",178,4,7,2025,12.15,"UWI","other"
2025-04-08 12:39:01.783,6,"aufde22","Tutorial 3 (C14.201)",1.5,"N",70,3,"awake","tea","yes",8,"yes",2,0,3,3,"Yes",6,"Microsoft",19.5,6,5,17,100,3,53,10,"No",180,"Summer","milk",166,4,6,2025,12.15,"UWI","tea"
2025-04-08 12:39:06.371,7,"schne20","Tutorial 3 (C14.201)",0.5,"W",108,3.5,"awake","coffee","yes",7,"yes",1,0,3,3,"No",6,"Apple",19,7,8,15,200,1,57,12,"yes",300,"Summer","milk",176,5,7,2025,12.15,"UWI","coffee"
2025-04-08 12:39:32.238,6,"gusta31","Tutorial 2 (C7.019)",3.5,"SE",100,6,"drowsy","coffee","yes",7,"yes",3,1,2,2,"Yes",7,"Apple",20,7,6,16.95,82,2,40,7,"yes",170,"Summer","milk",182,7,7,2025,12.15,"UWI","coffee"
2025-04-08 12:40:17.065,4,"bunde39","Tutorial 3 (C14.201)",2,"N",360,6,"drowsy","coffee","yes",8,"yes",2,7,4,4,"No",6,"Both",15,6,5,15,80,4,30,9,"No",80,"Fall","milk",168,7,6,2025,12.15,"UWI","coffee"
2025-04-08 12:40:23.989,4,"alste117","Tutorial 2 (C7.019)",2,"N",230,1,"tired","tea","yes",7,"yes",2,1,1,1,"Yes",6,"Apple",19,5,8,5.8,100,3,17,5,"No",400,"Spring","black",196,6,5,2025,12.15,"UWI","tea"
2025-04-08 12:40:24.544,6,"wecke15","Tutorial 3 (C14.201)",0.2,"NE",800,1,"awake","coffee","yes",8,"no",0,4,3,3,"Yes",4.5,"Neither",14,8,4,17,250,8,100,15,"yes",300,"Spring","milk",170,8,7,2025,12.15,"UWI","coffee"
2025-04-08 12:40:26.901,8,"görli3","Tutorial 3 (C14.201)",0.1,"NW",120,0,"awake","sparkling_water","yes",8,"yes",2,5,2,2,"Yes",4,"Apple",18,8,4,15.4,70,4,30,16,"yes",180,"Summer","Other",168.5,7,9,2025,12.15,"UWI","water"
2025-04-08 12:40:30.183,8,"meise28","Tutorial 3 (C14.201)",2.5,"NW",500,2,"awake","tea","yes",8,"yes",2,2,3,3,"No",4,"Microsoft",18,7,11,16.33,145,4,40,10,"yes",161,"Summer","milk",170,2,8,2025,12.15,"UWI","tea"
2025-04-08 12:40:39.857,5,"holun13","Tutorial 3 (C14.201)",3.1,"NE",237,2,"drowsy","tea","yes",7,"yes",2,9,1,1,"Yes",6,"Microsoft",19,2,5,17,60,3,26,2,"No",200,"Spring","milk",165,4,2,2025,12.15,"UWI","tea"
2025-04-08 12:40:58.291,6,"carlh9","Tutorial 3 (C14.201)",1,"SW",40,4,"tired","water","yes",8,"yes",1,0,2,2,"do_not_mind",6,"Microsoft",18,6,7,17,30,0,41,16,"No",180,"Fall","milk",156,8,7,2025,12.15,"UWI","water"
2025-04-08 12:41:03.282,4,"schar3","Tutorial 3 (C14.201)",2.1,"N",236,2,"tired","tea","yes",8,"yes",2,2,3,3,"do_not_mind",5.5,"Apple",18,6,4,13.5,100,2,44,24,"yes",45,"Summer","milk",167,8,5,2025,12.15,"UWI","tea"
2025-04-08 12:41:05.044,8,"baere8","Tutorial 6 (C40.254)",2,"S",311,1,"energized","water","yes",8,"yes",2,2,2,3,"No",5.5,"Microsoft",14,6,8,14,100,3,50,7,"yes",120,"Summer","milk",163,7,8,2025,12.15,"GESS","water"
2025-04-08 12:41:44.709,4,"marti2","Tutorial 3 (C14.201)",2,"N",573,2,"awake","coffee","yes",8,"yes",1,1,3,4,"No",6.5,"Apple",20,6,6,14.5,62,1,32,31,"yes",250,"Spring","Other",180,2,4,2025,12.15,"UWI","coffee"
2025-04-08 12:41:47.158,8,"mettb20","Tutorial 5 (C40.255)",0.5,"E",350,12,"drowsy","hot_water","no",8,"yes",1,1,3,4,"do_not_mind",7.5,"Apple",20,8,9,15,100,5,60,23,"yes",60,"Spring","sugar_milk",164,3,7,2025,12.15,"GESS","water"
2025-04-08 12:41:51.528,6,"achte38","Tutorial 1 (C12.107)",0.2,"E",153,2,"awake","tea","yes",8,"yes",1,6,2,2,"do_not_mind",6,"Microsoft",21,6,8,15.5,275,8,43,15,"yes",200,"Spring","Other",179,10,6,2025,12.15,"UWI","tea"
2025-04-08 12:41:54.712,8,"sophi16","Tutorial 1 (C12.107)",3,"NW",112,3,"tired","water","yes",9,"yes",2,1,3,4,"do_not_mind",5.5,"Microsoft",19,4,8,17,98,3,61,10,"No",200,"Summer","milk",185,9,8,2025,12.15,"UWI","water"
2025-04-08 12:42:04.451,8,"somme25","Tutorial 5 (C40.255)",2,"NW",48,8,"tired","water","yes",8,"no",0,5,3,3,"Yes",6,"Microsoft",21,6,7,15,60,4,30,15,"No",200,"Spring","Other",180,6,8,2025,12.15,"GESS","water"
2025-04-08 12:42:07.488,5,"amspi13","Tutorial 2 (C7.019)",1,"NE",158,4,"drowsy","tea","yes",6,"yes",1,0,2,4,"Yes",5.5,"Apple",14,5,6,15,112,5,69,12,"No",150,"Summer","milk",161,9,6,2025,12.15,"UWI","tea"
2025-04-08 12:42:10.683,6,"jacqu1","Tutorial 3 (C14.201)",3,"NW",60,3,"drowsy","coffee","yes",7,"yes",1,3,3,3,"No",5,"Apple",10,6,15,12,60,1,40,25,"yes",1000,"Spring","milk",170,5,7,2025,12.15,"UWI","coffee"
2025-04-08 12:42:10.857,8,"baden3","Tutorial 3 (C14.201)",0.4,"NE",108,3,"awake","tea","yes",9,"yes",1,10,2,2,"do_not_mind",7.4,"Apple",18.5,7,5,15.5,180,5,21,16,"yes",200,"Spring","milk",177,6,7,2025,12.15,"UWI","tea"
2025-04-08 12:42:13.088,6,"stein54","Tutorial 6 (C40.254)",6,"NW",800,2,"awake","ice_cold_water","no",6,"yes",2,3,1,1,"do_not_mind",5.7,"Microsoft",18,4,3,16,50,1,60,6,"yes",280,"Spring","milk",169,6,5,2025,12.15,"GESS","water"
2025-04-08 12:42:25.234,9,"stein16","Tutorial 3 (C14.201)",61,"NW",61,6,"awake","water","no",8,"yes",1,2,4,4,"do_not_mind",7,"Apple",22.4,6,3,15.4,140,1,127,22,"yes",250,"Summer","Other",188,7,8,2025,12.15,"UWI","water"
2025-04-08 12:42:31.42,8,"neuen14","Tutorial 3 (C14.201)",2,"S",100,7,"energized","smoothie","yes",7,"yes",2,0,2,3,"Yes",6.7,"Microsoft",19,7,9,15.5,100,5,31,11,"yes",80,"Spring","sugar_milk",168,9,8,2025,12.15,"UWI","other"
2025-04-08 12:42:32.156,8,"det350","Tutorial 2 (C7.019)",5,"N",250,12,"awake","tea","yes",8,"yes",2,7,3,3,"do_not_mind",7,"Microsoft",17,7,5,15,130,4,22,8,"No",90,"Spring","milk",189,5,7,2025,12.15,"UWI","tea"
2025-04-08 12:42:48.223,8,"hollä43","Tutorial 2 (C7.019)",3.7,"NW",219,13,"energized","it_depends","no",6,"yes",1,18,5,4,"Yes",8,"Microsoft",20,7,7,16,12,28,14,12,"yes",300,"Fall","milk",163,3,8,2025,12.15,"UWI","other"
2025-04-08 12:42:49.187,7,"eupen31","Tutorial 5 (C40.255)",0.4,"S",216,10,"awake","hot_chocolate","yes",8,"no",0,0,2,2,"No",6,"Apple",20.1,7,15,13.7,75,2,100,19,"yes",250,"Spring","Other",178,3,8,2025,12.15,"GESS","other"
2025-04-08 12:43:01.623,6,"eidig24","Tutorial 2 (C7.019)",50,"NW",55,12,"tired","water","yes",8,"yes",2,6,1,1,"do_not_mind",5.5,"Microsoft",16,5,6,16,12,4,46,4,"No",150,"Summer","black",162,5,6,2025,12.15,"UWI","water"
2025-04-08 12:43:02.555,8,"bombe5","Tutorial 2 (C7.019)",5,"NE",300,6,"awake","water","yes",8,"yes",3,5,2,3,"do_not_mind",6,"Apple",11,8,5,14,58,1,80,20,"yes",120,"Spring","milk",160,2,8,2025,12.15,"UWI","water"
2025-04-08 12:43:24.394,6,"linde3","Tutorial 2 (C7.019)",3,"SE",10,30,"tired","tea","yes",7,"yes",1,2,2,3,"Yes",4,"Apple",16,5,8,15,30,0,22,16,"yes",200,"Summer","milk",161,7,7,2025,12.15,"UWI","tea"
2025-04-08 12:43:45.633,10,"kölne75","Tutorial 6 (C40.254)",1.7,"N",421,1,"energized","orange_juice","yes",8,"yes",1,2,6,5,"Yes",6,"Apple",16,10,7,15,70,3,50,20,"yes",40,"Summer","sugar_milk",173,6,7,2025,12.15,"GESS","other"
2025-04-08 12:43:57.932,4,"heide14","Tutorial 5 (C40.255)",2,"W",31,3,"awake","coffee","no",8,"yes",1,3,4,5,"do_not_mind",6.4,"Microsoft",21,5,20,15,45,1,40,12,"yes",150,"Spring","milk",172,9,4,2025,12.15,"GESS","coffee"
2025-04-08 12:43:58.1,10,"liesb29","Tutorial 6 (C40.254)",0.2,"NW",255,0,"energized","coffee","yes",7,"yes",1,5,4,4,"No",5,"Apple",15,8,4,5,55,1,20,25,"yes",125,"Spring","black",179,10,10,2025,12.15,"GESS","coffee"
2025-04-08 12:44:00.36,3,"nedum2","Tutorial 4 (C12.013)",5,"SE",6637,0,"tired","nothing","yes",8,"yes",1,3,3,3,"No",5,"Apple",15,3,10,8,11,3,23,6,"No",200,"Fall","Other",165,6,7,2025,12.15,"GESS","other"
2025-04-08 12:44:01.716,7,"jakob14","Tutorial 5 (C40.255)",2.7,"W",714,3,"awake","coffee","yes",9,"yes",1,0,3,3,"Yes",3,"Apple",12,6,11,8,50,2,56,12,"yes",300,"Summer","milk",156,5,7,2025,12.15,"GESS","coffee"
2025-04-08 12:44:04.199,5,"mozar","Tutorial 5 (C40.255)",4,"S",8.402,25,"awake","coffee","no",7,"yes",3,15,6,6,"do_not_mind",6,"Apple",6,5,4,15,86,3,10,21,"yes",350,"Summer","sugar_milk",180,7,3,2025,12.15,"GESS","coffee"
2025-04-08 12:44:07.658,4,"feenr15","Tutorial 6 (C40.254)",53,"NW",50,3,"tired","tea_with_the_salt_of_my_tears_from_waking_up_so_early","no",6,"yes",1,4,3,3,"No",5.5,"Apple",19,3,3,16,73,1,39,9,"yes",250,"Spring","sugar_milk",187,8,4,2025,12.15,"GESS","tea"
2025-04-08 12:44:09.857,3,"gar13","Tutorial 5 (C40.255)",2.7,"NW",75,3,"drowsy","coffee","yes",8,"yes",1,3,3,2,"do_not_mind",6.5,"Neither",19.5,5,5,16,80,3,62,8,"yes",150,"Spring","sugar_milk",173,2,3,2025,12.15,"GESS","coffee"
2025-04-08 12:44:15.437,7,"humbo10","Tutorial 1 (C12.107)",800,"N",60,7,"awake","coffee","yes",7,"yes",1,3,8,8,"No",6.5,"Apple",18,6,6,14,28,0,59,9,"yes",200,"Summer","milk",174,7,8,2025,12.15,"UWI","coffee"
2025-04-08 12:44:19.381,6,"westp14","Tutorial 5 (C40.255)",0.7,"S",12376,2,"energized","apple_juice","no",7,"yes",2,6,3,5,"do_not_mind",5.6,"Microsoft",18,7,6,16,86,2,50,20,"No",200,"Summer","Other",165,3,7,2025,12.15,"GESS","other"
2025-04-08 12:44:24.046,6,"lange8","Tutorial 5 (C40.255)",4,"NE",430,2,"tired","cold_sparkling_water","no",6,"no",0,0,3,3,"No",7,"Apple",18,4,4,15,18,0,82,14,"No",400,"Spring","Other",188,4,7,2025,12.15,"GESS","water"
2025-04-08 12:44:30.49,8,"surre11","Tutorial 5 (C40.255)",2,"NE",13657,4,"awake","coffee","yes",7,"yes",2,20,3,3,"No",5,"Microsoft",17,7,15,13,25,0,10,17,"yes",140,"Summer","sugar",173,4,8,2025,12.15,"GESS","coffee"
2025-04-08 12:44:32.594,5,"frank36","Tutorial 2 (C7.019)",3,"N",47,5,"drowsy","water","yes",6,"yes",3,8,3,3,"Yes",6,"Microsoft",17,6,5,14,42,0,120,13,"No",110,"Spring","sugar_milk",170,5,6,2025,12.15,"UWI","water"
2025-04-08 12:44:50.277,8,"büsin8","Tutorial 2 (C7.019)",11,"N",300,2,"awake","coffee","yes",8,"yes",3,2,4,4,"do_not_mind",6,"Both",20,5,8,14,124,3,36,30,"No",200,"Spring","milk",176,2,8,2025,12.15,"UWI","coffee"
2025-04-08 12:44:53.12,3,"fritz5","Tutorial 5 (C40.255)",3,"SW",372,12,"awake","water","yes",8,"yes",1,4,1,1,"Yes",7,"Apple",17,6,6,14,52,2,65,13,"yes",180,"Fall","Other",181,3,4,2025,12.15,"GESS","water"
2025-04-08 12:45:04.707,9,"oestr42","Tutorial 2 (C7.019)",3.1,"SW",381,2,"awake","coffee","no",7,"yes",1,0,2,2,"do_not_mind",6.5,"Both",20,8,5,15.4,200,9,130,11,"No",350,"Spring","black",185,7,8,2025,12.15,"UWI","coffee"
2025-04-08 12:45:25.251,5,"potsd11","Tutorial 1 (C12.107)",1.4,"N",140,2,"tired","coffee","yes",8,"yes",1,7,1,2,"Yes",5.5,"Apple",19,7,15,15,140,5,74,14,"yes",130,"Spring","milk",168,7,6,2025,12.15,"UWI","coffee"
2025-04-08 12:45:27.887,6,"könig23","Tutorial 2 (C7.019)",3,"E",104,2.5,"tired","coffee","yes",7,"yes",2,6,4,4,"do_not_mind",8,"Apple",26,5,8,20,70,4,145,13,"yes",250,"Spring","milk",165,7,7,2025,12.15,"UWI","coffee"
2025-04-08 12:45:32.422,5,"hesel8","Tutorial 1 (C12.107)",2.5,"NW",70,3.5,"tired","coffee","yes",8,"no",0,4,2,3,"do_not_mind",5,"Both",18,6,11,15,75,1,55,20,"yes",180,"Summer","milk",165,3,7,2025,12.15,"UWI","coffee"
2025-04-08 12:45:35.432,8,"beimf7","Tutorial 2 (C7.019)",2,"N",7805,4,"awake","tee","yes",8,"yes",2,0,2,2,"No",7,"Both",18,6,6,15,90,3,50,13,"yes",100,"Spring","milk",172,9,9,2025,12.15,"UWI","tea"
2025-04-08 12:45:40.915,6,"braue14","Tutorial 2 (C7.019)",0.7,"NE",217,3,"tired","water","no",7,"yes",1,0,4,4,"Yes",5,"Apple",18,6,15,14,190,5,71,19,"yes",300,"Summer","sugar_milk",178,3,7,2025,12.15,"UWI","water"
2025-04-08 12:45:41.77,5,"sonne9","Tutorial 5 (C40.255)",3,"N",64.9,3,"drowsy","coffee","yes",8,"yes",1,2,2,2,"No",7,"Microsoft",21,3,4,16.5,34,0,71,10,"yes",250,"Fall","milk",187,4,7,2025,12.15,"GESS","coffee"
2025-04-08 12:45:42.529,8,"esche4a","Tutorial 2 (C7.019)",47,"NW",272,3,"drowsy","coffee","yes",8,"yes",1,3,2,3,"do_not_mind",6.5,"Microsoft",20,7,6,10.16,112,2,83,6,"yes",280,"Fall","black",192,4,8,2025,12.15,"UWI","coffee"
2025-04-08 12:45:48.626,3,"hoppe28","Tutorial 2 (C7.019)",2,"E",483,1,"drowsy","coffee","yes",8,"yes",1,0,5,5,"Yes",5,"Both",10,3,17,10,65,2,87,18,"yes",180,"Spring","milk",183,6,4,2025,12.15,"UWI","coffee"
2025-04-08 12:45:49.68,6,"baumk15","Tutorial 4 (C12.013)",3,"NE",80,4,"awake","matcha","yes",8,"yes",4,2,4,4,"No",3,"Both",12,7,6,8,80,3,18,12,"yes",150,"Fall","milk",161,5,6,2025,12.15,"GESS","tea"
2025-04-08 12:46:06.241,8,"ambro79","Tutorial 2 (C7.019)",0.5,"N",225,4,"awake","coffee","yes",8,"yes",1,1,2,3,"do_not_mind",5,"Microsoft",17,6,9,21,140,6,25,9,"yes",350,"Summer","milk",182,5,7,2025,12.15,"UWI","coffee"
2025-04-08 12:46:06.397,6,"stein65","Tutorial 5 (C40.255)",0.2,"SE",65,20,"awake","coffee","yes",8,"yes",1,3,2,2,"Yes",7,"Apple",21,6,9,16.31,55,1,125,18,"yes",200,"Summer","milk",184,8,6,2025,12.15,"GESS","coffee"
2025-04-08 12:46:06.829,8,"amkie1","Tutorial 5 (C40.255)",2.5,"N",200,4,"awake","water","yes",8,"yes",1,8,2,2,"No",6,"Apple",9.5,7,9,15.5,35,4,35,12,"yes",250,"Fall","Other",180,3,7,2025,12.15,"GESS","water"
2025-04-08 12:46:09.641,7,"36tha7621","Tutorial 5 (C40.255)",74,"NW",556,2,"awake","water","yes",8,"yes",1,9,3,2,"Yes",4.5,"Apple",24,7,5,15.4,120,5,170,13,"yes",400,"Summer","milk",197,2,7,2025,12.15,"GESS","water"
2025-04-08 12:46:19.847,4,"zakre27/2","Tutorial 2 (C7.019)",59,"NW",1654,3,"awake","coffee","yes",8,"yes",1,2,6,6,"Yes",5,"Apple",17,5,6,15,100,3,82,9,"yes",150,"Fall","milk",162,3,5,2025,12.15,"UWI","coffee"
2025-04-08 12:46:31.74,8,"käthe37","Tutorial 2 (C7.019)",0.5,"NW",289,4,"energized","tea","yes",8,"yes",1,0,3,4,"No",7,"Apple",21,7,15,18,90,5,22,15,"yes",250,"Spring","milk",176,5,8,2025,12.15,"UWI","tea"
2025-04-08 12:46:44.569,6,"guten3","Tutorial 2 (C7.019)",2.7,"N",806,2,"awake","water","no",7,"yes",2,3,1,1,"do_not_mind",11,"Microsoft",16,7,3,14,80,2,29,7,"yes",100,"Fall","milk",187,6,7,2025,12.15,"UWI","water"
2025-04-08 12:46:49.979,6,"ecke14","Tutorial 6 (C40.254)",3,"E",400,3,"tired","coffee","yes",5,"yes",1,2,3,3,"No",3,"Microsoft",5,4,10,12,100,4,20,13,"No",100,"Summer","sugar_milk",172,2,5,2025,12.15,"GESS","coffee"
2025-04-08 12:46:56.207,2,"valpa4","Tutorial 6 (C40.254)",2,"NW",50,4,"drowsy","ingwershot","yes",8,"no",0,0,3,3,"do_not_mind",7.2,"Apple",19,2,14,12,230,8,52,22,"No",190,"Spring","Other",159,9,3,2025,12.15,"GESS","other"
2025-04-08 12:46:57.828,3,"helmh4","Tutorial 2 (C7.019)",1.9,"NW",427,3,"tired","matcha_latte","yes",7,"yes",1,0,2,2,"do_not_mind",6.5,"Microsoft",23,3,12,16.5,52,2,118,12,"yes",300,"Fall","milk",180,7,3,2025,12.15,"UWI","coffee"
2025-04-08 12:46:59.365,6,"wollf31a","Tutorial 2 (C7.019)",0.5,"NE",188,5,"awake","water","yes",10,"yes",2,3,1,2,"No",6,"Apple",21,6,7,15,200,8,58,18,"yes",150,"Spring","milk",164,9,8,2025,12.15,"UWI","water"
2025-04-08 12:47:00.475,7,"wasbu","Tutorial 5 (C40.255)",3.8,"NE",126,10,"awake","chai_latte","no",7,"yes",1,21,4,4,"Yes",6,"Microsoft",22,6,10,16.5,60,2,50,12,"yes",210,"Summer","Other",170,10,8,2025,12.15,"GESS","coffee"
2025-04-08 12:47:16.396,7,"ulric16","Tutorial 5 (C40.255)",4.3,"NE",650,3.5,"awake","orange_juice","yes",8,"yes",1,2,3,3,"No",6,"Apple",23.5,6,13,15,60,1,101,9,"yes",200,"Winter","milk",175,8,8,2025,12.15,"GESS","other"
2025-04-08 12:47:19.361,7,"siercz101","Tutorial 5 (C40.255)",2,"N",910,1.5,"drowsy","coffee","yes",7,"yes",2,7,4,4,"No",5,"Apple",13,5,3,13.5,80,1,140,22,"yes",150,"Fall","milk",163,9,7,2025,12.15,"GESS","coffee"
2025-04-08 12:47:20.464,7,"amhas99","Tutorial 2 (C7.019)",0.2,"E",289,1.5,"tired","coffee","yes",6,"yes",2,3,4,3,"No",4.5,"Both",15,5,8,14,59,2,90,13,"yes",230,"Summer","milk",158,5,7,2025,12.15,"UWI","coffee"
2025-04-08 12:47:21.228,4,"sonne54","Tutorial 2 (C7.019)",0.2,"NE",381,2,"awake","coffee","no",9,"yes",4,2,1,1,"Yes",7,"Microsoft",20,6,10,14,360,8,70,17,"No",150,"Fall","milk",180,3,4,2025,12.15,"UWI","coffee"
2025-04-08 12:47:21.747,6,"heine3","Tutorial 1 (C12.107)",1,"N",400,2,"awake","water/_coffee","yes",9,"yes",1,0,3,3,"Yes",9,"Microsoft",18,7,5,18,200,6,13,14,"yes",200,"Summer","milk",170,4,6,2025,12.15,"UWI","coffee"
2025-04-08 12:47:34.636,7,"pinne7","Tutorial 2 (C7.019)",0.7,"NE",48,4.5,"awake","tea","yes",9,"yes",1,0,2,2,"do_not_mind",7,"Microsoft",15,5,10,17,311,6,100,15,"yes",150,"Spring","milk",160,4,8,2025,12.15,"UWI","tea"
2025-04-08 12:47:38.744,8,"käthn15","Tutorial 2 (C7.019)",2.4,"N",55,1,"awake","coffee","no",9,"yes",1,0,5,5,"No",8,"Apple",25,6,7,18,89,2,50,14,"yes",150,"Summer","black",197,1,9,2025,12.15,"UWI","coffee"
2025-04-08 12:47:50.703,7,"schwa52","Tutorial 2 (C7.019)",2.4,"N",55,2,"awake","coffee","yes",8,"no",0,2,5,6,"do_not_mind",7,"Apple",18,8,7,21,89,2,96,18,"yes",200,"Summer","black",183,1,8,2025,12.15,"UWI","coffee"
2025-04-08 12:48:10.234,3,"salzw7","Tutorial 5 (C40.255)",5,"NW",90,5,"tired","coffee","yes",7,"yes",3,2,3,4,"No",7,"Microsoft",23,4,15,20,65,2,78,9,"No",150,"Summer","milk",163,10,3,2025,12.15,"GESS","coffee"
2025-04-08 12:48:10.968,7,"brunn39","Tutorial 2 (C7.019)",450,"E",289,4,"awake","water","yes",8,"yes",1,100,2,2,"do_not_mind",7,"Microsoft",20,7,6,18,360,9,149,19,"yes",100,"Summer","sugar_milk",172,8,7,2025,12.15,"UWI","water"
2025-04-08 12:48:16.681,7,"step,9","Tutorial 6 (C40.254)",140,"N",140,5,"awake","hot_chocolate","yes",9,"yes",1,2,3,2,"No",4.5,"Both",19,5,20,15.5,150,3,120,16,"No",150,"Summer","Other",163,5,5,2025,12.15,"GESS","other"
2025-04-08 12:48:17.37,10,"parks15","Tutorial 4 (C12.013)",1.7,"N",283,0,"awake","coffee","yes",8,"yes",1,3,2,2,"do_not_mind",5,"Microsoft",18,1,4,10,90,3,1,12,"yes",250,"Spring","Other",185,7,0,2025,12.15,"GESS","coffee"
2025-04-08 12:48:20.735,8,"weige1","Tutorial 2 (C7.019)",1,"N",587,3,"energized","coffee","yes",8,"yes",1,4,2,2,"No",6,"Microsoft",17,8,7,16,90,3,48,14,"yes",180,"Spring","milk",163,7,8,2025,12.15,"UWI","coffee"
2025-04-08 12:48:22.292,6,"hansa81","Tutorial 5 (C40.255)",3,"N",224,4,"drowsy","coffee","yes",6,"yes",2,2,3,4,"do_not_mind",6.3,"Apple",18,3,17,13.2,84,2,39,11,"yes",200,"Fall","milk",172,6,4,2025,12.15,"GESS","coffee"
2025-04-08 12:48:46.682,6,"millo12a","Tutorial 6 (C40.254)",70,"NE",50,7,"tired","water","no",8,"yes",1,0,2,2,"Yes",6,"Apple",14,4,2,12,12,4,0,10,"yes",100,"Spring","sugar_milk",166,4,6,2025,12.15,"GESS","water"
2025-04-08 12:48:49.219,7,"eiche20","Tutorial 5 (C40.255)",0.5,"N",280,5,"tired","coffee","yes",8,"yes",3,1,3,3,"No",6.2,"Microsoft",20.5,6,5,17,150,5,176,15,"yes",180,"Summer","milk",182,3,7,2025,12.15,"GESS","coffee"
2025-04-08 12:48:50.89,2,"baril61","Tutorial 4 (C12.013)",0.2,"NE",1956,2,"awake","paulaner_spezi","no",4,"yes",1,2,6,6,"Yes",6,"Microsoft",16,4,3,14.6,60,1,100,5,"yes",200,"Fall","sugar_milk",157,9,1,2025,12.15,"GESS","other"
2025-04-08 12:48:57.897,8,"vodek17","Tutorial 2 (C7.019)",2,"N",350,1.5,"awake","coffee","yes",8,"yes",1,0,2,3,"Yes",7,"Microsoft",18,7,10,17,85,3,27,19,"yes",180,"Spring","milk",180,5,8,2025,12.15,"UWI","coffee"
2025-04-08 12:48:59.207,7,"lange19","Tutorial 2 (C7.019)",3.5,"S",198,1,"tired","cold_cocoa","no",6,"yes",2,2,1,2,"do_not_mind",6,"Microsoft",17.5,7,9,17,120,2,60,14,"yes",200,"Spring","sugar_milk",175,8,5,2025,12.15,"UWI","other"
2025-04-08 12:49:07.011,8,"stemw30","Tutorial 2 (C7.019)",3,"N",200,4,"energized","coffee","yes",8,"yes",4,3,3,5,"Yes",8,"Apple",23,7,20,15.5,80,2,70,15,"yes",270,"Summer","black",190,3,9,2025,12.15,"UWI","coffee"
2025-04-08 12:49:09.14,3,"amhol41","Tutorial 6 (C40.254)",2,"SE",155,6,"drowsy","water","no",6,"yes",4,1,3,3,"do_not_mind",6,"Microsoft",21,4,9,16.5,51.5,2,29,12,"yes",280,"Spring","milk",168,4,4,2025,12.15,"GESS","water"
2025-04-08 12:49:17.801,4,"volkm13","Tutorial 4 (C12.013)",1,"NE",600,3,"tired","water","no",9,"yes",1,4,3,2,"do_not_mind",6,"Apple",19,4,5,11.5,80,5,50,11,"yes",250,"Summer","sugar_milk",178,5,3,2025,12.15,"GESS","water"
2025-04-08 12:49:24.225,5,"solun60","Tutorial 6 (C40.254)",3,"NE",1850,3,"awake","ginger_shot","no",8,"yes",4,2,6,5,"do_not_mind",6.8,"Both",21,5,15,17,33,0,73,16,"yes",260,"Spring","milk",169,3,5,2025,12.15,"GESS","other"
2025-04-08 12:49:26.257,9,"johan6b","Tutorial 2 (C7.019)",3.4,"NE",88.1,3,"awake","tea","yes",7,"yes",2,4,5,4,"Yes",6.5,"Apple",22,7,5,14.5,300,5,88,14,"yes",310,"Summer","sugar_milk",185,2,6,2025,12.15,"UWI","tea"
2025-04-08 12:49:34.929,7,"störd10","Tutorial 6 (C40.254)",0.1,"N",130,7,"energized","coffee","yes",9,"yes",2,20,3,3,"Yes",6,"Apple",17,2,7,15,100,3,87,10,"yes",200,"Spring","milk",173,3,7,2025,12.15,"GESS","coffee"
2025-04-08 12:49:46.414,7,"ruesalambo13","Tutorial 6 (C40.254)",2.5,"N",216,4,"drowsy","water","yes",8,"yes",3,5,3,3,"do_not_mind",3.5,"Both",15,4,5,13,90,4,28,19,"yes",250,"Summer","milk",165,5,7,2025,12.15,"GESS","water"
2025-04-08 12:49:48.638,7,"ahorn21","Tutorial 2 (C7.019)",2.5,"N",650,1.5,"drowsy","water","yes",8,"yes",3,1,3,3,"Yes",6,"Microsoft",20,6,7,17,90,3,140,20,"yes",250,"Spring","Other",197,5,8,2025,12.15,"UWI","water"
2025-04-08 12:50:06.358,6,"govern","Tutorial 4 (C12.013)",0.3,"NE",8000,7,"awake","tea","yes",7,"yes",5,0,1,1,"No",6,"Apple",20,6,2,16,10,2,15,15,"yes",200,"Summer","milk",171,1,4,2025,12.15,"GESS","tea"
2025-04-08 12:50:09.298,3,"roent2a","Tutorial 2 (C7.019)",2.9,"N",346,5,"awake","tea","yes",7,"yes",1,0,3,4,"Yes",5,"Apple",13,6,9,14.7,80,2,27,21,"yes",100,"Spring","Other",163,4,3,2025,12.15,"UWI","tea"
2025-04-08 12:50:29.421,8,"am_wei30","Tutorial 4 (C12.013)",1,"SW",367,8,"awake","water","yes",8,"no",0,1,6,6,"do_not_mind",3,"Apple",17,7,6,12,19,5,80,41,"yes",300,"Spring","Other",183,7,7,2025,12.15,"GESS","water"
2025-04-08 12:50:44.301,6,"weide30","Tutorial 5 (C40.255)",3.4,"W",248,2,"tired","water","no",9,"yes",2,1,4,4,"do_not_mind",5.5,"Microsoft",24,7,11,15.5,30,0,105,10,"No",80,"Spring","Other",180,2,5,2025,12.15,"GESS","water"
2025-04-08 12:50:46.679,7,"moorr38","Tutorial 4 (C12.013)",0.1,"E",69.8,1,"awake","coffee","yes",8,"yes",1,0,4,5,"Yes",5.5,"Apple",16,6,4,13,120,5,10,17,"yes",100,"Spring","milk",174,5,6,2025,12.15,"GESS","coffee"
2025-04-08 12:50:54.267,3,"minke1","Tutorial 4 (C12.013)",200,"E",15.815,2,"awake","juice","yes",7,"yes",1,1,1,1,"No",6.5,"Apple",21,5,3,14.5,0,5,15,15,"No",380,"Fall","Other",173,1,8,2025,12.15,"GESS","other"
2025-04-08 12:51:17.706,6,"niede37","Tutorial 6 (C40.254)",3.3,"NW",456,2,"tired","coffee","yes",7,"yes",1,3,4,6,"Yes",4.7,"Microsoft",13,4,6,12,50,3,40,12,"No",200,"Summer","Other",172,1,4,2025,12.15,"GESS","coffee"
2025-04-08 12:51:19.795,9,"schul65","Tutorial 4 (C12.013)",0.5,"S",450,7,"awake","water","yes",9,"yes",1,0,2,2,"No",4,"Apple",7,7,5,7,63,2,3,12,"yes",300,"Spring","Other",171,8,9,2025,12.15,"GESS","water"
2025-04-08 12:51:25.595,6,"buche59","Tutorial 6 (C40.254)",0.8,"W",142,2,"drowsy","tea","yes",6,"no",0,0,4,4,"do_not_mind",7,"Apple",20,4,12,15,20,5,50,17,"yes",200,"Summer","milk",173,5,5,2025,12.15,"GESS","tea"
2025-04-08 12:51:31.625,8,"fritz17","Tutorial 4 (C12.013)",2.5,"N",620,8,"awake","tea","yes",8,"yes",1,2,2,3,"No",5.5,"Apple",20,7,6,14,45,5,50,13,"yes",180,"Spring","Other",173,6,8,2025,12.15,"GESS","tea"
2025-04-08 12:51:52.651,6,"kurts54","Tutorial 4 (C12.013)",2,"N",146,4,"awake","orange_juice","yes",8,"yes",2,5,2,2,"No",4,"Microsoft",15,4,11,15,160,3,2,11,"No",150,"Summer","Other",166,8,8,2025,12.15,"GESS","other"
2025-04-08 12:52:08.643,8,"rosen56","Tutorial 5 (C40.255)",0.15,"S",348,8,"awake","ginger_shot,_lemon_juice","yes",6,"yes",1,20,3,4,"Yes",5,"Microsoft",17,7,7,15.4,240,5,60,8,"yes",270,"Spring","sugar_milk",173,5,8,2025,12.15,"GESS","other"
2025-04-08 12:52:24.816,6,"diste17","Tutorial 4 (C12.013)",3,"NW",95,4,"awake","water","yes",8,"no",0,3,3,4,"Yes",5,"Both",20,8,12,15,40,1,78,8,"yes",130,"Summer","milk",178,2,6,2025,12.15,"GESS","water"
2025-04-08 12:52:28.226,5,"kanal7","Tutorial 4 (C12.013)",0.3,"W",356,7,"awake","coffee_with_oat_milk","yes",6,"yes",1,4,3,3,"No",5.5,"Both",17,5,20,16.5,19,3,45,15,"yes",120,"Spring","milk",168,7,6,2025,12.15,"GESS","coffee"
2025-04-08 12:52:59.785,7,"friem11","Tutorial 4 (C12.013)",0.2,"SW",400,3,"awake","coffee","no",6,"yes",1,1,2,3,"No",6,"Microsoft",16,7,7,16.2,17,5,16,18,"yes",200,"Spring","black",171,7,7,2025,12.15,"GESS","coffee"
2025-04-08 12:53:50.553,7,"allee4","Tutorial 5 (C40.255)",3.1,"N",277,3,"awake","coffee","yes",6,"yes",3,3,3,4,"No",6,"Apple",22,5,11,13.2,82,2,171,18,"yes",350,"Summer","milk",176,4,7,2025,12.15,"GESS","coffee"
2025-04-08 12:53:59.06,3,"nacht","Tutorial 4 (C12.013)",2,"NW",30,7,"awake","water_with_apple_cider_vinegar","yes",9,"yes",1,5,2,3,"Yes",5,"Apple",17,5,7,15,16,1,20,8,"yes",100,"Fall","Other",160,9,2,2025,12.15,"GESS","water"
2025-04-08 12:54:18.769,8,"benng12","Tutorial 5 (C40.255)",0.15,"S",5530,2,"awake","water","yes",9,"yes",2,1,2,1,"do_not_mind",5,"Apple",18,7,5,15.4,220,6,45,21,"yes",200,"Fall","Other",170,7,8,2025,12.15,"GESS","water"
2025-04-08 12:54:35.508,8,"hopfe13","Tutorial 4 (C12.013)",1.5,"SW",150,4,"awake","hot_lemon","yes",8,"yes",1,0,2,2,"No",5.1,"Apple",17,5,4,17.5,20,4,100,17,"yes",200,"Summer","milk",168,4,9,2025,12.15,"GESS","other"
2025-04-08 12:54:47.066,6,"kalvs3a","Tutorial 4 (C12.013)",2,"N",70,4,"tired","water","yes",7,"yes",1,1,3,3,"do_not_mind",5.5,"Apple",18,7,6,15,70,1,50,15,"yes",150,"Spring","milk",174,7,6,2025,12.15,"GESS","water"
2025-04-08 12:55:15.129,5,"böcke23","Tutorial 4 (C12.013)",2,"SE",350,2,"tired","coffee","yes",8,"no",0,4,1,2,"Yes",5,"Apple",20,5,8,17,90,2,55,20,"yes",100,"Fall","milk",164,6,7,2025,12.15,"GESS","coffee"
2025-04-08 12:55:25.957,7,"aufde2","Tutorial 4 (C12.013)",4,"SW",500,4,"awake","coffee","yes",8,"yes",3,2,1,2,"Yes",6,"Microsoft",21,5,8,17,120,2,120,22,"yes",230,"Spring","milk",168,3,5,2025,12.15,"GESS","coffee"
2025-04-08 12:55:30.534,2,"bally1","Tutorial 4 (C12.013)",2,"N",1748,5,"energized","coffee","yes",3,"yes",2,6,1,1,"do_not_mind",10,"Apple",10,4,3,10,100,1,100,17,"yes",200,"Summer","milk",179,3,3,2025,12.15,"GESS","coffee"
2025-04-08 12:55:47.903,3,"claus13","Tutorial 4 (C12.013)",5,"SW",93,2,"drowsy","coffee","no",7,"yes",2,8,3,2,"No",5,"Neither",14,5,2,8,120,4,45,12,"No",150,"Spring","milk",170,7,4,2025,12.15,"GESS","coffee"
2025-04-08 12:56:15.291,7,"moenc","Tutorial 4 (C12.013)",0.5,"SW",440,0,"tired","water","yes",7,"no",0,3,1,1,"do_not_mind",4,"Apple",7,4,4,15,71,3,50,4,"yes",35,"Summer","milk",166,6,5,2025,12.15,"GESS","water"
2025-04-08 13:36:08.015,4,"altla159","Tutorial 5 (C40.255)",60,"NW",335,1.5,"drowsy","tea_with_milk","no",7,"yes",1,0,7,7,"No",9,"Apple",16,4,10,12,200,3,35,31,"yes",250,"Summer","milk",157,8,4,2025,12.15,"GESS","tea"
2025-04-08 13:45:36.879,7,"970782","Tutorial 5 (C40.255)",2,"N",488,3,"tired","tea","yes",7,"yes",2,5,2,2,"do_not_mind",4.8,"Microsoft",13.8,4,6,14,90,3,41,7,"yes",30,"Spring","black",160,8,7,2025,12.15,"GESS","tea"
2025-04-08 15:26:26.379,4,"rott70","Tutorial 6 (C40.254)",0.1,"S",310,3,"awake","water","yes",8,"yes",1,1,2,2,"do_not_mind",6,"Microsoft",17,6,7,17,96,3,12,13,"yes",250,"Summer","Other",163,7,4,2025,12.15,"GESS","water"
2025-04-08 16:26:02.108,4,"z16","Tutorial 3 (C14.201)",0.5,"S",400,5,"drowsy","coffee","yes",8,"yes",1,3,1,1,"do_not_mind",4,"Apple",20,4,9,17,12,2,16,16,"yes",120,"Summer","milk",173,5,4,2025,12.15,"UWI","coffee"
2025-04-09 08:38:02.691,4,"fonta52","Tutorial 4 (C12.013)",0,"W",1800,5,"tired","coffee","yes",7,"yes",1,2,3,3,"do_not_mind",4,"Microsoft",16,5,12,15,130,5,50,12,"yes",200,"Spring","milk",160,4,4,2025,12.15,"GESS","coffee"
